{
  "roc_auc": 0.6094324336455188,
  "pr_auc": 0.006432590120690961,
  "f1": 0.02001953125,
  "mcc": 0.02755516443492907,
  "precision": 0.010962566844919787,
  "recall_sensitivity": 0.1151685393258427,
  "specificity": 0.9730358210260821,
  "tn": 133483,
  "fp": 3699,
  "fn": 315,
  "tp": 41
}